name,datetime,block_ix,trial_ix,sound_x,sound_y,reversed,category,similarity,notes,repeat
maggie,2016-10-24 13:15:26.249000,1,10,483,524,1,glass,5,None,0
maggie,2016-10-24 13:15:26.249000,1,22,329,383,0,glass,4,None,0
maggie,2016-10-24 13:15:26.249000,1,23,199,368,0,glass,5,None,0
maggie,2016-10-24 13:15:26.249000,1,27,405,480,1,glass,5,None,0
maggie,2016-10-24 13:15:26.249000,1,29,317,405,1,glass,6,None,0
maggie,2016-10-24 13:15:26.249000,1,30,498,513,1,glass,4,None,0
maggie,2016-10-24 13:15:26.249000,1,35,256,358,0,glass,4,None,0
maggie,2016-10-24 13:15:26.249000,1,56,143,188,0,glass,2,None,0
maggie,2016-10-24 13:15:26.249000,1,58,475,538,0,glass,6,None,0
maggie,2016-10-24 13:15:26.249000,1,72,378,404,1,glass,1,None,0
maggie,2016-10-24 13:15:26.249000,1,80,148,192,0,glass,1,None,0
maggie,2016-10-24 13:15:26.249000,2,115,301,361,0,glass,5,None,0
maggie,2016-10-24 13:15:26.249000,2,121,270,293,0,glass,2,None,0
maggie,2016-10-24 13:15:26.249000,2,124,178,365,1,glass,6,None,0
maggie,2016-10-24 13:15:26.249000,2,126,159,178,1,glass,5,None,0
maggie,2016-10-24 13:15:26.249000,2,139,452,509,0,glass,6,None,0
maggie,2016-10-24 13:15:26.249000,2,142,496,502,0,glass,6,None,0
maggie,2016-10-24 13:15:26.249000,3,195,383,457,1,glass,4,None,0
maggie,2016-10-24 13:15:26.249000,3,196,245,286,0,glass,4,None,0
maggie,2016-10-24 13:15:26.249000,3,200,341,416,1,glass,3,None,0
maggie,2016-10-24 13:15:26.249000,3,208,144,186,0,glass,7,None,0
maggie,2016-10-24 13:15:26.249000,3,217,172,301,0,glass,6,None,0
maggie,2016-10-25 12:42:21.056000,1,1,62,181,1,tear,6,None,0
maggie,2016-10-25 12:42:21.056000,1,2,155,254,1,tear,5,None,0
maggie,2016-10-25 12:42:21.056000,1,3,100,155,1,tear,4,None,0
maggie,2016-10-25 12:42:21.056000,1,8,407,447,0,tear,4,None,0
maggie,2016-10-25 12:42:21.056000,1,10,71,197,0,tear,4,None,0
maggie,2016-10-25 12:42:21.056000,1,15,417,454,0,tear,5,None,0
maggie,2016-10-25 12:42:21.056000,1,16,91,163,0,tear,2,None,0
maggie,2016-10-25 12:42:21.056000,1,22,482,500,1,tear,5,None,0
maggie,2016-10-25 12:42:21.056000,1,24,408,482,1,tear,4,None,0
maggie,2016-10-25 12:42:21.056000,1,26,59,175,0,tear,-1,None,1
maggie,2016-10-25 12:42:21.056000,1,26,59,175,0,tear,5,None,0
maggie,2016-10-25 12:42:21.056000,1,27,110,176,0,tear,5,None,0
maggie,2016-10-25 12:42:21.056000,1,28,238,302,1,tear,-1,None,1
maggie,2016-10-25 12:42:21.056000,1,28,238,302,1,tear,7,None,0
maggie,2016-10-25 12:42:21.056000,1,29,185,238,0,tear,7,None,0
maggie,2016-10-25 12:42:21.056000,1,30,413,433,1,tear,5,None,0
maggie,2016-10-25 12:42:21.056000,1,31,486,537,0,tear,4,None,0
maggie,2016-10-25 12:42:21.056000,1,44,382,439,1,tear,6,None,0
maggie,2016-10-25 12:42:21.056000,1,45,349,382,0,tear,6,None,0
maggie,2016-10-25 12:42:21.056000,1,50,189,260,1,tear,5,None,0
maggie,2016-10-25 12:42:21.056000,1,51,225,269,0,tear,5,None,0
maggie,2016-10-25 12:42:21.056000,1,52,450,530,0,tear,5,None,0
maggie,2016-10-25 12:42:21.056000,1,54,269,320,1,tear,4,None,0
maggie,2016-10-25 12:42:21.056000,1,56,370,472,0,tear,4,None,0
maggie,2016-10-25 12:42:21.056000,1,57,304,370,1,tear,3,None,0
maggie,2016-10-25 12:42:21.056000,1,61,135,222,1,tear,2,None,0
maggie,2016-10-25 12:42:21.056000,1,67,394,458,1,tear,-1,None,1
maggie,2016-10-25 12:42:21.056000,1,67,394,458,1,tear,-1,None,1
maggie,2016-10-25 12:42:21.056000,1,67,394,458,1,tear,4,None,0
maggie,2016-10-25 12:42:21.056000,1,77,167,287,1,tear,2,None,0
maggie,2016-10-25 12:42:21.056000,2,96,176,282,1,tear,4,None,0
maggie,2016-10-25 12:42:21.056000,2,121,398,467,1,tear,5,None,0
maggie,2016-10-25 12:42:21.056000,2,124,510,560,0,tear,3,None,0
maggie,2016-10-25 12:42:21.056000,2,125,439,527,1,tear,6,None,0
maggie,2016-10-25 12:42:21.056000,2,126,280,316,1,tear,5,None,0
maggie,2016-10-25 12:42:21.056000,2,127,114,189,1,tear,5,None,0
maggie,2016-10-25 12:42:21.056000,2,129,243,328,0,tear,4,None,0
maggie,2016-10-25 12:42:21.056000,2,131,503,522,0,tear,-1,None,1
maggie,2016-10-25 12:42:21.056000,2,131,503,522,0,tear,6,None,0
maggie,2016-10-25 12:42:21.056000,2,132,367,503,0,tear,-1,None,1
maggie,2016-10-25 12:42:21.056000,2,132,367,503,0,tear,-1,first sound had extraneous noise in beginning,0
maggie,2016-10-25 12:42:21.056000,2,133,535,559,0,tear,7,None,0
maggie,2016-10-25 12:42:21.056000,2,136,196,243,0,tear,5,None,0
maggie,2016-10-25 12:42:21.056000,2,138,447,519,0,tear,6,None,0
maggie,2016-10-25 12:42:21.056000,2,139,54,167,0,tear,-1,None,1
maggie,2016-10-25 12:42:21.056000,2,139,54,167,0,tear,-1,second sound had little extraneous noise in beginning,0
maggie,2016-10-25 12:42:21.056000,2,140,335,420,1,tear,5,None,0
maggie,2016-10-25 12:42:21.056000,2,141,302,390,1,tear,4,None,0
maggie,2016-10-25 12:42:21.056000,2,142,390,444,1,tear,5,None,0
maggie,2016-10-25 12:42:21.056000,2,143,467,490,0,tear,6,None,0
maggie,2016-10-25 12:42:21.056000,2,144,458,507,1,tear,7,None,0
maggie,2016-10-25 12:42:21.056000,3,147,298,436,1,tear,6,None,0
maggie,2016-10-25 12:42:21.056000,3,151,339,398,0,tear,-1,None,1
maggie,2016-10-25 12:42:21.056000,3,151,339,398,0,tear,-1,thumping noises in second sound,0
maggie,2016-10-25 12:42:21.056000,3,152,271,296,1,tear,7,None,0
maggie,2016-10-25 12:42:21.056000,3,156,436,481,0,tear,6,None,0
maggie,2016-10-25 12:42:21.056000,3,157,145,196,0,tear,5,None,0
maggie,2016-10-25 12:42:21.056000,3,162,248,339,0,tear,6,None,0
maggie,2016-10-25 12:42:21.056000,3,167,481,495,0,tear,6,None,0
maggie,2016-10-25 12:42:21.056000,3,170,51,216,0,tear,5,None,0
maggie,2016-10-25 12:42:21.056000,3,171,530,567,0,tear,-1,None,1
maggie,2016-10-25 12:42:21.056000,3,171,530,567,0,tear,-1,None,1
maggie,2016-10-25 12:42:21.056000,3,171,530,567,0,tear,4,None,0
maggie,2016-10-25 12:42:21.056000,3,175,373,450,1,tear,5,None,0
maggie,2016-10-25 12:42:21.056000,3,179,140,225,1,tear,4,None,0
maggie,2016-10-25 12:42:21.056000,3,188,319,385,0,tear,6,None,0
maggie,2016-10-25 12:42:21.056000,3,189,376,424,0,tear,5,None,0
maggie,2016-10-25 12:42:21.056000,3,197,204,206,1,tear,-1,None,1
maggie,2016-10-25 12:42:21.056000,3,197,204,206,1,tear,3,None,0
maggie,2016-10-25 12:42:21.056000,3,201,138,217,1,tear,4,None,0
maggie,2016-10-25 12:42:21.056000,3,206,444,543,1,tear,-1,None,1
maggie,2016-10-25 12:42:21.056000,3,206,444,543,1,tear,4,None,0
maggie,2016-10-25 12:42:21.056000,3,219,472,510,1,tear,4,None,0
maggie,2016-10-25 12:42:21.056000,4,222,308,394,1,tear,4,None,0
maggie,2016-10-25 12:42:21.056000,4,223,250,308,0,tear,6,None,0
maggie,2016-10-25 12:42:21.056000,4,224,181,250,1,tear,5,None,0
maggie,2016-10-25 12:42:21.056000,4,225,98,211,1,tear,4,None,0
maggie,2016-10-25 12:42:21.056000,4,227,211,233,1,tear,6,None,0
maggie,2016-10-25 12:42:21.056000,4,229,292,304,0,tear,4,None,0
maggie,2016-10-25 12:42:21.056000,4,233,222,292,1,tear,4,None,0
maggie,2016-10-25 12:42:21.056000,4,235,507,552,1,tear,5,None,0
maggie,2016-10-25 12:42:21.056000,4,236,216,248,0,tear,-1,None,1
maggie,2016-10-25 12:42:21.056000,4,236,216,248,0,tear,4,None,0
maggie,2016-10-25 12:42:21.056000,4,238,206,280,1,tear,4,None,0
maggie,2016-10-25 12:42:21.056000,4,240,316,376,1,tear,7,None,0
maggie,2016-10-25 12:42:21.056000,4,243,328,373,1,tear,-1,None,1
maggie,2016-10-25 12:42:21.056000,4,243,328,373,1,tear,6,None,0
maggie,2016-10-25 12:42:21.056000,4,245,424,535,1,tear,-1,None,1
maggie,2016-10-25 12:42:21.056000,4,245,424,535,1,tear,5,None,0
maggie,2016-10-25 12:42:21.056000,4,248,260,346,0,tear,4,None,0
maggie,2016-10-25 12:42:21.056000,4,254,269,319,0,tear,6,None,0
maggie,2016-10-25 12:42:21.056000,4,256,175,229,0,tear,-1,None,1
maggie,2016-10-25 12:42:21.056000,4,256,175,229,0,tear,5,None,0
maggie,2016-10-25 12:42:21.056000,4,257,229,349,1,tear,5,None,0
maggie,2016-10-25 12:42:21.056000,4,266,217,268,0,tear,5,None,0
maggie,2016-10-25 12:42:21.056000,4,267,268,335,0,tear,5,None,0
maggie,2016-10-25 12:42:21.056000,4,268,420,486,0,tear,5,None,0
maggie,2016-10-25 12:42:21.056000,4,269,86,185,0,tear,4,None,0
maggie,2016-10-25 12:42:21.056000,4,270,356,413,1,tear,3,None,0
maggie,2016-10-25 12:42:21.056000,4,271,282,356,1,tear,3,None,0
maggie,2016-10-25 12:42:21.056000,4,272,346,417,1,tear,4,None,0
maggie,2016-10-25 12:42:21.056000,4,273,354,367,1,tear,-1,extra noise in beginning of first sound,0
maggie,2016-10-25 12:42:21.056000,4,274,254,354,0,tear,5,None,0
maggie,2016-10-25 12:42:21.056000,4,285,320,408,1,tear,4,None,0
maggie,2016-10-25 12:42:21.056000,4,288,287,298,1,tear,5,None,0
maggie,2016-10-25 12:42:21.056000,4,297,197,271,0,tear,6,None,0
maggie,2016-10-25 12:42:21.056000,4,298,296,407,0,tear,6,None,0
maggie,2017-03-02 11:39:41.176000,1,3,50,165,0,water,5,None,0
maggie,2017-03-02 11:39:41.176000,1,7,327,441,1,water,4,None,0
maggie,2017-03-02 11:39:41.176000,1,9,285,351,1,water,5,None,0
maggie,2017-03-02 11:39:41.176000,1,12,153,161,1,water,5,None,0
maggie,2017-03-02 11:39:41.176000,1,15,220,536,0,water,-1,None,1
maggie,2017-03-02 11:39:41.176000,1,15,220,536,0,water,7,None,0
maggie,2017-03-02 11:39:41.176000,1,17,161,300,0,water,4,None,0
maggie,2017-03-02 11:39:41.176000,1,22,300,386,0,water,5,None,0
maggie,2017-03-02 11:39:41.176000,1,24,92,184,1,water,6,None,0
maggie,2017-03-02 11:39:41.176000,1,25,504,531,0,water,3,None,0
maggie,2017-03-02 11:39:41.176000,1,31,234,274,1,water,4,None,0
maggie,2017-03-02 11:39:41.176000,1,39,214,246,1,water,3,None,0
maggie,2017-03-02 11:39:41.176000,1,41,246,343,0,water,3,None,0
maggie,2017-03-02 11:39:41.176000,1,42,310,369,0,water,2,None,0
maggie,2017-03-02 11:39:41.176000,1,43,264,310,0,water,2,None,0
maggie,2017-03-02 11:39:41.176000,1,45,209,253,1,water,6,None,0
maggie,2017-03-02 11:39:41.176000,1,48,459,564,1,water,7,None,0
maggie,2017-03-02 11:39:41.176000,1,52,274,359,0,water,7,None,0
maggie,2017-03-02 11:39:41.176000,2,59,58,200,1,water,6,None,0
maggie,2017-03-02 11:39:41.176000,2,62,240,267,0,water,6,None,0
maggie,2017-03-02 11:39:41.176000,2,63,359,479,0,water,5,None,0
maggie,2017-03-02 11:39:41.176000,2,64,272,347,1,water,7,None,0
maggie,2017-03-02 11:39:41.176000,2,65,228,272,0,water,6,None,0
maggie,2017-03-02 11:39:41.176000,2,66,95,228,1,water,6,None,0
maggie,2017-03-02 11:39:41.176000,2,67,403,455,0,water,6,None,0
maggie,2017-03-02 11:39:41.176000,2,68,179,291,1,water,3,None,0
maggie,2017-03-02 11:39:41.176000,2,69,88,179,1,water,1,None,0
maggie,2017-03-02 11:39:41.176000,2,72,303,353,1,water,7,None,0
maggie,2017-03-02 11:39:41.176000,2,73,224,249,1,water,-1,None,1
maggie,2017-03-02 11:39:41.176000,2,73,224,249,1,water,3,None,0
maggie,2017-03-02 11:39:41.176000,2,74,485,563,0,water,3,None,0
maggie,2017-03-02 11:39:41.176000,2,75,200,285,1,water,-1,None,1
maggie,2017-03-02 11:39:41.176000,2,75,200,285,1,water,-1,unrelated noise in beginning of first sound,0
maggie,2017-03-02 11:39:41.176000,2,76,536,541,0,water,5,None,0
maggie,2017-03-02 11:39:41.176000,2,80,184,312,1,water,5,None,0
maggie,2017-03-02 11:39:41.176000,2,81,353,459,0,water,7,None,0
maggie,2017-03-02 11:39:41.176000,3,109,397,497,0,water,7,None,0
maggie,2017-03-02 11:39:41.176000,3,110,476,534,1,water,6,None,0
maggie,2017-03-02 11:39:41.176000,3,114,289,397,0,water,6,None,0
maggie,2017-03-02 11:39:41.176000,3,116,375,504,1,water,6,None,0
maggie,2017-03-02 11:39:41.176000,3,118,414,487,0,water,6,None,0
maggie,2017-03-02 11:39:41.176000,3,120,258,279,0,water,5,None,0
maggie,2017-03-02 11:39:41.176000,3,121,351,485,0,water,4,None,0
maggie,2017-03-02 11:39:41.176000,3,122,64,258,1,water,4,None,0
maggie,2017-03-02 11:39:41.176000,3,126,73,234,0,water,4,None,0
maggie,2017-03-02 11:39:41.176000,3,127,112,173,0,water,5,None,0
maggie,2017-03-02 11:39:41.176000,3,130,369,421,1,water,-1,None,1
maggie,2017-03-02 11:39:41.176000,3,130,369,421,1,water,4,None,0
maggie,2017-03-02 11:39:41.176000,3,132,372,448,1,water,2,None,0
maggie,2017-03-02 11:39:41.176000,3,135,279,414,1,water,7,None,0
maggie,2017-03-02 11:39:41.176000,3,136,337,410,1,water,6,None,0
maggie,2017-03-02 11:39:41.176000,3,137,312,381,0,water,6,None,0
maggie,2017-03-02 11:39:41.176000,3,138,165,327,0,water,-1,None,1
maggie,2017-03-02 11:39:41.176000,3,138,165,327,0,water,-1,second sound skips in the middle,0
maggie,2017-03-02 11:39:41.176000,3,146,246,340,0,water,7,None,0
maggie,2017-03-02 11:39:41.176000,3,147,465,511,1,water,5,None,0
maggie,2017-03-02 11:39:41.176000,3,151,386,492,0,water,5,None,0
maggie,2017-03-02 11:39:41.176000,3,152,492,515,1,water,5,None,0
maggie,2017-03-02 11:39:41.176000,3,153,137,231,1,water,5,None,0
maggie,2017-03-02 11:39:41.176000,3,154,340,363,1,water,5,None,0
maggie,2017-03-02 11:39:41.176000,3,155,231,315,1,water,6,None,0
maggie,2017-03-02 11:39:41.176000,3,156,315,364,0,water,-1,None,1
maggie,2017-03-02 11:39:41.176000,3,156,315,364,0,water,6,None,0
maggie,2017-03-02 11:39:41.176000,4,158,343,372,0,water,6,None,0
maggie,2017-03-02 11:39:41.176000,4,162,291,403,0,water,6,None,0
maggie,2017-03-02 11:39:41.176000,4,167,347,466,0,water,6,None,0
maggie,2017-03-02 11:39:41.176000,4,172,295,375,1,water,5,None,0
maggie,2017-03-02 11:39:41.176000,4,175,173,295,0,water,5,None,0
maggie,2017-03-02 11:39:41.176000,4,177,267,289,1,water,5,None,0
maggie,2017-03-02 11:39:41.176000,4,179,410,442,0,water,5,None,0
maggie,2017-03-02 11:39:41.176000,4,180,364,555,0,water,5,None,0
maggie,2017-03-02 11:39:41.176000,4,184,363,501,0,water,6,None,0
maggie,2017-03-02 11:39:41.176000,4,185,115,264,1,water,5,None,0
maggie,2017-03-02 11:39:41.176000,4,197,501,506,0,water,6,None,0
maggie,2017-03-02 11:39:41.176000,4,198,381,476,0,water,4,None,0
maggie,2017-03-02 11:39:41.176000,4,199,441,465,0,water,6,None,0
maggie,2017-03-02 11:39:41.176000,4,200,249,303,0,water,6,None,0
maggie,2017-03-02 11:39:41.176000,4,203,183,337,0,water,5,None,0
maggie,2017-03-02 11:39:41.176000,4,209,253,326,1,water,4,None,0
maggie,2017-03-02 11:39:41.176000,4,211,52,183,0,water,4,None,0
maggie,2017-03-09 10:35:20.554000,2,112,388,396,1,glass,4,None,0
maggie,2017-03-09 10:35:20.554000,2,113,396,464,0,glass,4,None,0
maggie,2017-03-09 10:35:20.554000,2,114,449,475,0,glass,5,None,0
maggie,2017-03-09 10:35:20.554000,2,115,464,520,1,glass,6,None,0
maggie,2017-03-09 10:35:20.554000,2,116,365,429,1,glass,5,None,0
maggie,2017-03-09 10:35:20.554000,2,117,429,483,0,glass,1,None,0
maggie,2017-03-09 10:35:20.554000,2,118,116,307,1,glass,5,None,0
maggie,2017-03-09 10:35:20.554000,2,119,307,348,1,glass,6,None,0
maggie,2017-03-09 10:35:20.554000,2,120,348,449,1,glass,3,None,0
maggie,2017-03-09 10:35:20.554000,2,121,423,460,1,glass,5,None,0
maggie,2017-03-09 10:35:20.554000,2,122,136,199,1,glass,6,None,0
maggie,2017-03-09 10:35:20.554000,2,123,368,438,1,glass,6,None,0
maggie,2017-03-09 10:35:20.554000,2,124,438,489,0,glass,5,None,0
maggie,2017-03-09 10:35:20.554000,2,125,361,423,0,glass,5,None,0
maggie,2017-03-09 10:35:20.554000,2,126,460,554,1,glass,6,None,0
maggie,2017-03-09 10:35:20.554000,2,127,87,266,0,glass,5,None,0
maggie,2017-03-09 10:35:20.554000,2,128,210,232,1,glass,6,None,0
maggie,2017-03-09 10:35:20.554000,2,129,277,314,1,glass,3,None,0
maggie,2017-03-09 10:35:20.554000,2,130,266,388,0,glass,5,None,0
maggie,2017-03-09 10:35:20.554000,2,131,314,336,1,glass,5,None,0
maggie,2017-03-09 10:35:20.554000,2,132,111,305,0,glass,3,None,0
maggie,2017-03-09 10:35:20.554000,2,133,87,266,1,glass,5,None,0
maggie,2017-03-09 10:35:20.554000,2,134,471,533,1,glass,4,None,0
maggie,2017-03-09 10:35:20.554000,2,135,355,399,0,glass,5,None,0
maggie,2017-03-09 10:35:20.554000,2,136,61,263,0,glass,3,None,0
maggie,2017-03-09 10:35:20.554000,2,137,72,256,0,glass,4,None,0
maggie,2017-03-09 10:35:20.554000,2,138,358,411,0,glass,1,None,0
maggie,2017-03-09 10:35:20.554000,2,139,411,491,1,glass,7,None,0
maggie,2017-03-09 10:35:20.554000,2,140,491,549,1,glass,7,None,0
maggie,2017-03-09 10:35:20.554000,2,141,549,556,0,glass,6,None,0
maggie,2017-03-09 10:35:20.554000,2,142,63,251,1,glass,5,None,0
maggie,2017-03-09 10:35:20.554000,2,143,101,284,1,glass,3,None,0
maggie,2017-03-09 10:35:20.554000,2,144,284,321,1,glass,6,None,0
maggie,2017-03-09 10:35:20.554000,2,145,321,427,1,glass,5,None,0
maggie,2017-03-09 10:35:20.554000,2,146,427,471,0,glass,5,None,0
maggie,2017-03-09 10:35:20.554000,2,147,533,566,1,glass,5,None,0
maggie,2017-03-09 10:35:20.554000,2,148,56,235,0,glass,7,None,0
maggie,2017-03-09 10:35:20.554000,2,149,235,379,0,glass,6,None,0
maggie,2017-03-09 10:35:20.554000,2,150,379,406,0,glass,5,None,0
maggie,2017-03-09 10:35:20.554000,2,151,406,496,0,glass,5,None,0
maggie,2017-03-09 10:35:20.554000,2,152,277,314,0,glass,4,None,0
maggie,2017-03-09 10:35:20.554000,2,153,314,336,1,glass,5,None,0
maggie,2017-03-09 10:35:20.554000,2,154,336,445,1,glass,4,None,0
maggie,2017-03-09 10:35:20.554000,2,155,215,226,0,glass,5,None,0
maggie,2017-03-09 10:35:20.554000,2,156,226,355,0,glass,4,None,0
maggie,2017-03-09 10:35:20.554000,2,157,399,498,1,glass,4,None,0
maggie,2017-03-09 10:35:20.554000,2,158,263,324,1,glass,7,None,0
maggie,2017-03-09 10:35:20.554000,1,1,70,166,0,zipper,1,None,0
maggie,2017-03-09 10:35:20.554000,1,2,366,468,0,zipper,7,None,0
maggie,2017-03-09 10:35:20.554000,1,3,294,366,1,zipper,7,None,0
maggie,2017-03-09 10:35:20.554000,1,4,257,294,0,zipper,7,None,0
maggie,2017-03-09 10:35:20.554000,1,5,174,257,1,zipper,6,None,0
maggie,2017-03-09 10:35:20.554000,1,6,443,461,1,zipper,6,None,0
maggie,2017-03-09 10:35:20.554000,1,7,342,443,0,zipper,4,None,0
maggie,2017-03-09 10:35:20.554000,1,8,218,342,1,zipper,4,None,0
maggie,2017-03-09 10:35:20.554000,1,9,146,218,0,zipper,4,None,0
maggie,2017-03-09 10:35:20.554000,1,10,139,146,1,zipper,2,None,0
maggie,2017-03-09 10:35:20.554000,1,11,392,453,1,zipper,6,None,0
maggie,2017-03-09 10:35:20.554000,1,12,322,392,0,zipper,6,None,0
maggie,2017-03-09 10:35:20.554000,1,13,141,177,1,zipper,6,None,0
maggie,2017-03-09 10:35:20.554000,1,14,241,322,1,zipper,6,None,0
maggie,2017-03-09 10:35:20.554000,1,15,89,154,0,zipper,6,None,0
maggie,2017-03-09 10:35:20.554000,1,16,338,377,1,zipper,7,None,0
maggie,2017-03-09 10:35:20.554000,1,17,223,338,0,zipper,6,None,0
maggie,2017-03-09 10:35:20.554000,1,18,198,223,0,zipper,6,None,0
maggie,2017-03-09 10:35:20.554000,1,19,117,198,1,zipper,4,None,0
maggie,2017-03-09 10:35:20.554000,1,20,283,415,1,zipper,4,None,0
maggie,2017-03-09 10:35:20.554000,1,21,227,283,0,zipper,5,None,0
maggie,2017-03-09 10:35:20.554000,1,22,187,227,1,zipper,5,None,0
maggie,2017-03-09 10:35:20.554000,1,23,53,187,0,zipper,6,None,0
maggie,2017-03-09 10:35:20.554000,1,24,488,565,1,zipper,7,None,0
maggie,2017-03-09 10:35:20.554000,1,25,387,488,1,zipper,6,None,0
maggie,2017-03-09 10:35:20.554000,1,26,154,241,0,zipper,6,None,0
maggie,2017-03-09 10:35:20.554000,1,27,290,387,0,zipper,7,None,0
maggie,2017-03-09 10:35:20.554000,1,28,177,236,0,zipper,7,None,0
maggie,2017-03-09 10:35:20.554000,1,29,325,380,1,zipper,7,None,0
maggie,2017-03-09 10:35:20.554000,1,30,90,193,1,zipper,4,None,0
maggie,2017-03-09 10:35:20.554000,1,31,182,275,1,zipper,3,None,0
maggie,2017-03-09 10:35:20.554000,1,32,103,182,0,zipper,7,None,0
maggie,2017-03-09 10:35:20.554000,1,33,332,412,1,zipper,7,None,0
maggie,2017-03-09 10:35:20.554000,1,34,262,332,0,zipper,7,None,0
maggie,2017-03-09 10:35:20.554000,1,35,150,262,1,zipper,7,None,0
maggie,2017-03-09 10:35:20.554000,1,36,105,150,0,zipper,7,None,0
maggie,2017-03-09 10:35:20.554000,1,37,218,342,0,zipper,6,None,0
maggie,2017-03-09 10:35:20.554000,1,38,146,218,0,zipper,2,None,0
maggie,2017-03-09 10:35:20.554000,1,39,139,146,1,zipper,1,None,0
maggie,2017-03-09 10:35:20.554000,1,40,275,345,1,zipper,6,None,0
maggie,2017-03-09 10:35:20.554000,1,41,236,325,0,zipper,1,None,0
maggie,2017-03-09 10:35:20.554000,1,42,182,275,1,zipper,3,None,0
maggie,2017-03-09 10:35:20.554000,1,43,539,540,0,zipper,6,None,0
maggie,2017-03-09 10:35:20.554000,1,44,113,539,0,zipper,7,None,0
maggie,2017-03-09 10:35:20.554000,1,45,288,360,1,zipper,5,None,0
maggie,2017-03-09 10:35:20.554000,1,46,255,288,1,zipper,5,None,0
maggie,2017-03-09 10:35:20.554000,1,47,162,255,1,zipper,7,None,0
maggie,2017-03-09 10:35:20.554000,1,48,94,162,1,zipper,5,None,0
maggie,2017-03-09 10:35:20.554000,1,49,318,371,0,zipper,6,None,0
maggie,2017-03-09 10:35:20.554000,1,50,213,318,0,zipper,5,None,0
maggie,2017-03-09 10:35:20.554000,1,51,203,213,0,zipper,6,None,0
maggie,2017-03-09 10:35:20.554000,1,52,55,203,0,zipper,7,None,0
maggie,2017-03-09 10:35:20.554000,1,53,380,473,0,zipper,5,None,0
maggie,2017-03-09 10:35:20.554000,1,54,103,182,1,zipper,5,None,0
maggie,2017-03-09 10:35:20.554000,1,55,265,290,1,zipper,5,None,0
maggie,2017-03-09 10:35:20.554000,1,56,113,174,1,zipper,5,None,0
maggie,2017-03-09 10:35:20.554000,1,57,90,193,1,zipper,5,None,0
maggie,2017-03-09 10:35:20.554000,1,58,182,275,0,zipper,4,None,0
maggie,2017-03-09 10:35:20.554000,1,59,103,182,0,zipper,7,None,0
maggie,2017-03-09 10:35:20.554000,1,60,477,521,1,zipper,5,None,0
maggie,2017-03-09 10:35:20.554000,1,61,418,477,0,zipper,6,None,0
maggie,2017-03-09 10:35:20.554000,1,62,352,418,0,zipper,6,None,0
maggie,2017-03-09 10:35:20.554000,1,63,276,352,0,zipper,6,None,0
maggie,2017-03-09 10:35:20.554000,1,64,182,276,0,zipper,5,None,0
maggie,2017-03-09 10:35:20.554000,1,65,103,182,0,zipper,-1,None,1
maggie,2017-03-09 10:35:20.554000,1,65,103,182,0,zipper,7,None,0
maggie,2017-03-09 10:35:20.554000,1,66,508,517,0,zipper,6,None,0
maggie,2017-03-09 10:35:20.554000,1,67,371,508,1,zipper,4,None,0
maggie,2017-03-09 10:35:20.554000,1,68,318,371,0,zipper,6,None,0
maggie,2017-03-09 10:35:20.554000,1,69,213,318,0,zipper,6,None,0
maggie,2017-03-09 10:35:20.554000,1,70,203,213,0,zipper,6,None,0
maggie,2017-03-09 10:35:20.554000,1,71,55,203,0,zipper,6,None,0
maggie,2017-03-09 10:35:20.554000,1,72,456,512,0,zipper,4,None,0
maggie,2017-03-09 10:35:20.554000,1,73,357,456,0,zipper,6,None,0
maggie,2017-03-09 10:35:20.554000,1,74,299,357,0,zipper,4,None,0
maggie,2017-03-09 10:35:20.554000,1,75,237,299,1,zipper,5,None,0
maggie,2017-03-09 10:35:20.554000,1,76,191,237,1,zipper,4,None,0
maggie,2017-03-09 10:35:20.554000,1,77,60,191,1,zipper,6,None,0
maggie,2017-03-09 10:35:20.554000,1,78,193,265,1,zipper,6,None,0
maggie,2017-03-09 10:35:20.554000,1,79,422,462,1,zipper,7,None,0
maggie,2017-03-09 10:35:20.554000,1,80,306,422,1,zipper,6,None,0
maggie,2017-03-09 10:35:20.554000,1,81,273,306,1,zipper,6,None,0
maggie,2017-03-09 10:35:20.554000,1,82,166,273,0,zipper,7,None,0
maggie,2017-03-09 10:35:20.554000,1,83,275,345,1,zipper,6,None,0
maggie,2017-03-09 10:35:20.554000,1,84,345,440,1,zipper,7,None,0
maggie,2017-03-09 10:35:20.554000,1,85,462,499,0,zipper,7,None,0
maggie,2017-03-09 10:35:20.554000,1,86,494,525,1,zipper,6,None,0
maggie,2017-03-09 10:35:20.554000,1,87,440,494,1,zipper,6,None,0
maggie,2017-03-09 10:35:20.554000,1,88,430,561,1,zipper,6,None,0
maggie,2017-03-09 10:35:20.554000,1,89,374,430,0,zipper,6,None,0
maggie,2017-03-09 10:35:20.554000,1,90,244,350,1,zipper,6,None,0
maggie,2017-03-09 10:35:20.554000,1,91,158,244,1,zipper,1,None,0
maggie,2017-03-09 10:35:20.554000,1,92,118,158,0,zipper,1,None,0
maggie,2017-03-09 10:35:20.554000,1,93,435,557,1,zipper,5,None,0
maggie,2017-03-09 10:35:20.554000,1,94,391,435,0,zipper,5,None,0
maggie,2017-03-09 10:35:20.554000,1,95,313,391,1,zipper,6,None,0
maggie,2017-03-09 10:35:20.554000,1,96,212,313,0,zipper,7,None,0
maggie,2017-03-10 09:29:43.512000,1,1,65,207,1,zipper,5,None,0
maggie,2017-03-10 09:29:43.512000,1,2,207,247,1,zipper,3,None,0
maggie,2017-03-10 09:29:43.512000,1,3,247,330,0,zipper,6,None,0
maggie,2017-03-10 09:29:43.512000,1,4,330,409,0,zipper,4,None,0
maggie,2017-03-10 09:29:43.512000,1,5,409,484,1,zipper,7,None,0
maggie,2017-03-10 09:29:43.512000,1,6,484,528,0,zipper,6,None,0
maggie,2017-03-10 09:29:43.512000,1,7,360,505,1,zipper,6,None,0
maggie,2017-03-10 09:29:43.512000,1,8,505,532,1,zipper,5,None,0
maggie,2017-03-10 09:29:43.512000,1,9,132,202,1,zipper,-1,None,1
maggie,2017-03-10 09:29:43.512000,1,9,132,202,1,zipper,-1,second sound cuts short,0
maggie,2017-03-10 09:29:43.512000,1,10,202,212,0,zipper,5,None,0
maggie,2017-03-10 09:29:43.512000,1,11,350,374,0,zipper,5,None,0
